Item #,Description,
100628," Video Kit,Vacuum Specialist English & Spanish",
100629," Video Kit,Restroom Specialist English & Spanish",
100630," Video Kit,Coach a Successful Team",
100725, Office/School Setting Tent Card 4/14,
101122," Video Kit,Light Duty Specialist",
101379,Backpack Quick Start Poster,
101433," Job Cards, 75 Per Pack",
101770, Product Price Guide  rev 2/20,
101817,ProDuster Sample,
101826," Brochure,Sales Sheet,Produster",
101844, Cleaning for Health & Efficiency (Reimers)    5/17,
101938, Team Cleaning Skills Workshop-Booklet  1/11,
102735," Brochure,Sales Sheet,TailVac",
102764, Cleaning for Health & Efficiency - Contractors (Reimers)  1/18,
102824, Cleaning for Health & Efficiency - Contractors (Reimers)  French  6/15,pan
103331," Brochure,Price Guide,ProLine - DISCONTINUED",
103491," Brochure,Sales Sheet,LineVacer",
103493," Brochure,Sales Sheet, Sierra",
103706," Card,Scratch Cash,Promotional",
103924,Window Sticker,
104135, Pest Control Market Segment  2/17,
104152," Video Kit,How To Be A Utility Specialist in Carpet Care",
104308," Brochure,Sales Sheet,CoachVac",
104309," Brochure,Sales Sheet,SuperCoach Vac/SuperQuarter Vac HEPA  ",
104310," Brochure,Sales Sheet,MegaVac",
104311," Brochure,Sales Sheet,RunningVac",
104312,"Brochure,Sales Sheet,QuarterVac",
104812,"Video, DVD, Pest Control ",
104874, K-12 Education Marketing Segment  2/17,
104901," Brochure,Price Guide,ProForce 1500 Uprights",
105031,Cleaning for Health Vacuum Sale Tags 25/pk,
105048, Colleges & Universities Marketing Segment  2/17,
105498," Video,DVD, 'The Pro-Team Way'",
105503,"Cleaning fro Health & Efficency, (Reimers)  French  12/13",
105504," Cleaning for Health & Efficiency,  (Reimers) Spanish  7/15",pan
105031,Cleaning for Health Vacuum Sale Tags 25/pk,
105524," Brochure,Sales Sheet,Intercept MicroFilter",
105706," Brochure,Triple S,Cleaning for Health & Efficiency",
105707," Brochure,Sales Sheet,Triple S",
105714," Poster,ProForce Quick Start  (SP6805 )",
105730," Brochure,Sales Sheet,QuietPro BP/CN",
105745, Hospitality Market Segment 2/17,
105900,"Video, DVD, Residential Cleaning",
106000," Brochure,Sales Sheet, Aviation",
106092," Brochure,Sales Sheet,GoCartVac",
106221, ALA Schools Booklet   11/08,
106243," Manual,Service,Upright",pan
106295," DVD,Colby College",
106299," Video,DVD,UNC Dust Removal,ProTeam (See Lacy)",
106501," Video,DVD,ProTeam Products,""How To""",
106523, Carpet Cleaners Mark Segment  2/17,
106541," Poster,Scratch Cash,Promotional",
106744,GoVac CN Quickstart Poster,
106745, Residential Commercial Market Segment  2/17,
106885, ALA Big Building Booklet  10/13,
106926, Productivity Brochure  2/17,
106927, Healthcare Market Segment  2/17,
106930," Brochure,SalesSheet,ProVac BP/CN,French",pan
106931," Brochure,Sales Sheet,TailVac,French",pan
106932," Brochure,ALA Big Building,Spanish",pan
106937," Brochure,Sales Sheet,SQV/SC HEPA,French",pan
106938," Brochure,Sales Sheet,RunningVac,French",pan
106997, Health Club Market Segment  1/13,
107006," Brochure,Sales Sheet,SQV,Spanish/English",
107007," Brochure,Sales Sheet,SQV,Spanish",pan
107008," Brochure,Sales Sheet,HPSI GPO",
107019," Brochure,Sales Sheet,QPBP/CN HEPA,French",pan
107025," Brochure,Sales Sheet,Xover Floor Tool",
107032," Brochure,Sales Sheet,LineVacer,French",pan
107036,Quick Start SHV Poster                                                                                ,pan
107037, Ergonomics and Productivity Brochure  11/09,
107081,Quick Start Power Nozzle Poster,pan
107094, Cleaning for Health and Worker Card  2/17,
107096," Brochure, Product Guide, European",
107121, Cleaning for Health and Worker Card - French,
107126," Poster,CRI Gold",
107164," Brochure,White Paper,Technical Specifications                                        ",pan
107202,Line Vacer Motor Install Instructions,
107215," Brochure,Product Guide, Latin America",
107216," Brochure,Sales,ProGuard,3gal Wet/Dry",
107217," Brochure,Sales,ProGuard,4gal Wet/Dry",
107218," Brochure,Sales,ProGuard 10,10gal Wet/Dry",
107219," Brochure,Sales,ProGuard 15,20gal Wet/Dry",
300433,"Manual, Quickstart, TailVac                                                                         ",pan
500000,ABM All Product Line-up                                                                               ,pan
500001,ALA Sales Sheet (single page),
500002,ProTeam Folders,
500003,Productivity Chart  1/17,
500004,Productivity Chart Metric  1/17,
500005,Productivity Chart Spanish,
500006,Green Quest Report (Backpack vs. Uprights) English  2/17,
500007,Green Quest Report (Backpack vs. Uprights) French,
500008,Green Quest Report (Backpack vs. Uprights) Spanish,
500009,Purple Quest Report (Soil Removal)  2/17,
500010,ProDuster Sales Sheet French,pan
500011,K-12 Market Segment French  6/17,pan
500012,ProGuard 3 Sales Sheet French,pan
500013,ProGuard 4 Sales Sheet French,pan
500014,ProGuard 10 Sales Sheet French,pan
500016,ProGuard Overview Sales Sheet,
500017,ProGuard 15/20 Sales Sheet French,pan
500018,Lung/Filter Poster,
500019,ProGuard Overview Sales Sheet French,
500020,Productivity Brochure French  02/17,
500021,Healthcare Market Segment  French  7/15,pan
500023,ProBlitz Airmover Sales Sheet,pan
500024,Super QuarterVac SS Portuguese,
500026,ProBlitz Airmover SS French,pan
500027,Xfit Intercept Micro Filter SS French,pan
500028,Cleaning for Health & Efficency Portuguese,
500032,Religious Market Segment  2/17,
500033,Religious Market Segment  French  7/15,pan
500036,Residential Worker Card  2/17,
500037,Why ProTeam? Brochure  (8/17),
500037.1,Why ProTeam? Brochure (Healthtrust) (2/17),
500038,Why ProTeam? Brochure French  5/17,
500039,Contractor Market Segment  2/17,
500040,Tool Brochure   2/17,
500041,How ProTeam Stacks Up,
500043,"Sales Sheet, ProForce Combined, 1500/1500/1200XP HEPA",
500044,"Sales Sheet, ProForce Combined, 1500/1500/1200XP HEPA French",
500045,Next Generation Brochure French   2/15,
500046,FoodService Product Guide   2/15,
500048,GoFree Pro w/500064 GFP Efficiency Flyer insert  1/17,
500049,Tool Brochure French  7/15,
500050,GoFree Brochure French,pan
500051,Greyline Product Guide without Pricing,
500052,"Why ProTeam, Brochure, Spanish",
500053,Senior Living Market Segment  2/17,
500055,Team Cleaning Brochure   9/15,
500056,Senior Living Market Segment French   7/15,
500057,FoodService Market Segment   2/17,
500058,Higher Education Market Segment French  7/15,
500059,Super HalfVac Pro Brochure  4/14,
500060,GoFree Motion Brochure,
500061,GoFree Motion Service Manual,
500062,"Super HalfVac Pro Brochure, French  7/15",
500063,"GoFree Motion Brochure, French",
500064,GoFree Pro Efficiency Flyer   11/13,
500065,"Sales Sheet, PVFS 6",
500066,ProGuard Brochure - rev 5/17,
500067,UK Branding Brochure,
500068,"Brochure, Next Generation All 3 Vacs",
500069,Restoration Market Segment  2/17,
500070,Productivity Chart - French  1/17,
500071,ProGuard Brochure - French  7/15,
500072,ProGen 12 & 15 Brochure  2/18,
500073,GoFree Flex Pro Brochure  10/18,
500074,GoFree Flex Pro Brochure  French  7/15,
500075,ProGen 12 & 15 Brochure  French  4/15,
500077,Super Coach Pro Brochure  1/18,
500081,Energy Savings Flyer,
500082,Pest Market Segment  French   6/15,
500087,FlexFit Harness  (Rev 10/16),
500088,FlexFit Harness  (Rev 10/16)  FRENCH,
500089,ProBlade Flyer (10/16),
500090.1,ProBlade Flyer (10/16)  FRENCH,
500090,Pro Vac FS 6  (1/17),
500094,High Dusting Kit Flyer (8/17),
500095,High Dusting Kit Flyer (8/17) - FRENCH,
500096,Join the Productivity Movement 5/18 new,
500097,FreeFlex Brochure   rev. 2/19 ,
500098,FreeFlex Brochure  FRENCH   12/19 ,
500099,GoFree Flex Pro II Product Brochure  12/19,
500100,GoFree Flex Pro II Product Brochure   FRENCH 12/19,
Coupon,Pro-Team Equipment Rebate Coupon (4th Quarter) 10/20-12/31/20,
BEEUC,Battery Equipment End User Rebate Coupon (4th Quarter) 10/20-12/31/20,
GFFP,Go FreeFlex Pro II Rebate Coupon (4th Quarter) 9/20-12/31/20,
FFHC,FreeFlex Hybird Rebate Coupon (4th Quarter) 9/20-12/31/20,
CouponF,Pro-Team Equipment Rebate Coupon (4th Quarter) 10/20-12/31/20  FRENCH,
BEEUC-F,Battery Equipment End User Rebate Coupon (4th Quarter) 10/20-12/31/20  FRENCH,
GFFP-F,Go FreeFlex Pro II Rebate Coupon (4th Quarter) 9/20-12/31/20  FRENCH,
FFHC-F,FreeFlex Hybird Rebate Coupon (4th Quarter) 9/20-12/31/20  FRENCH,
SP6884,Workshop Brochure,
Rigid Vac,Ridgid wet/Dry Vac (6/17),
Direct Sup,Direct Supply - Senior Living (Rev 1/15)  Special Order,